日期,比赛编号,对阵,盘口(让球),真实比分,真实打出结果,AI 推荐,AI 理由,是否命中,错误复盘与建议
2026-04-05,周日026,阿拉维斯 vs 奥萨苏纳,-1,2:2,平/让负,(不让球) 平 / 负 | (让球-1) 让负,基于盘口剧烈示弱主队且触发冷门预警，主胜难信。奥萨苏纳有望客场取分。,命中,
2026-04-05,周日025,摩纳哥 vs 马赛,-1,2:1,胜/让平,(不让球) 平 / 负 (双选防冷) | (让球 -1) 让负 (博马赛不败),暂无,错误,"**错误原因**：预测被马赛的“强队形象”误导，过度放大其爆冷可能，忽视了让一球深盘已明确体现了机构对摩纳哥主场优势的强力支持。

**修改建议**：未来面对类似让一球深盘时，应建立“盘口深度优先”原则：若主队近况、战意无明显短板，让一球盘已属强势，应首先尊重机构态度，不可因客队名气而轻易博下盘。"
2026-04-05,周日024,国际米兰 vs 罗马,-1,5:2,胜/让胜,(不让球) 胜 | (让球 -1) 让平 / 让负,基本面与盘赔高度统一，主胜是大概率事件。,命中,
2026-04-05,周日023,达曼协定 vs 胡巴尔卡德西亚,1,3:2,胜/让胜,(不让球) 负 | (让球 主+1) 让负 （看好客队至少净胜两球）,暂无,错误,"**错误原因：** 被深盘（客让一球）诱导，高估客队实力与战意，同时严重低估了主队在特定情境下的主场爆发力与进球能力。

**修改建议：** 面对看似“强弱分明”的深盘，必须优先核查弱势一方（如此战主队）近期的状态拐点、关键球员复出或保级/荣誉战意，这些因素极易驱动市场低估方打出超预期表现，从而化解深盘。"
2026-04-05,周日022,奥维耶多 vs 塞维利亚,-1,1:0,胜/让平,(不让球) 胜 / 平 | (让球 主队+1) 让胜（即奥维耶多不败）,机构浅开高诱客队的意图过于明显，主队低水受保护。奥维耶多或许能在无压力下踢出尊严，塞维利亚糟糕的客场状态可能无法兑现其战意。首选平局，次防主胜。,命中,
2026-04-05,周日021,比萨 vs 都灵,1,0:1,负/让平,(不让球) 负 (双选可补 平 以极端求稳) | (让球 主+1) 平 (主队受让一球平，即都灵一球小胜) | 可小博 负 (都灵完胜),暂无,命中,
2026-04-05,周日020,法兰克福 vs 科隆,-1,2:2,平/让负,主胜,信号。,错误,"**错误原因**：预测失败源于盲目采信AI的模糊“信号”，被让球-1深盘诱导，高估法兰克福主场优势，却忽视了科隆保级战意及近期客战韧性，导致误判基本面。

**修改建议**：未来面对类似深盘，必须交叉验证球队战意与状态——例如科隆这类保级队，赛前需排查其伤病、士气及历史交锋爆冷记录，绝不可仅凭盘口或单一信号轻率下结论。"
2026-04-05,周日019,西汉姆联 vs 利兹联,-1,2:2,平/让负,(不让球) 平 / 负 (双选防冷) | (让球 -1) 让负,机构操盘清晰指向客队不败格局，平局不可忽视。,命中,
2026-04-05,周日018,洛里昂 vs 巴黎FC,-1,1:1,平/让负,(不让球) 胜/平（双选） | (让球 -1) 让负,基于主场优势和稍好的积分形势，主队不败是基本盘。但赔率和盘口均未给予其足够支持，平局权重极高。,命中,
2026-04-05,周日017,布雷达 vs 鹿斯巴达,-1,0:0,平/让负,(不让球) 主队战意绝对主导，盘赔阻上为主 | (让球-1) 机构数据强力不支持主队大胜,单选可博 【胜】，但考虑到主队进攻效率一般，双选更稳。,错误,"**错误原因**：预测时被“让球-1”的深盘诱导，过分强调主队战意，却忽视了主队进攻乏力的基本事实，同时低估了客队坚韧的防守与战术执行力。  

**修改建议**：未来面对进攻效率一般的主队在深盘下被热捧，必须优先核查其近期实际进球能力与客队防守数据，若机构数据明确“不支持大胜”，则直接排除穿盘选项，重点考虑让负。"
2026-04-05,周日016,厄格里特 vs 马尔默,1,1:1,平/让胜,客胜,暂无,错误,"1. **错误原因**：预测被马尔默的联赛排名和“让1”深盘误导，严重低估了中下游球队厄格里特在主场的顽强防守能力和抢分战意。

2. **修改建议**：未来面对强队客场让一球或以上的深盘时，必须优先核查主队近期主场对阵强队的防守韧性数据，若其主场失球少、平局多，则应规避“客胜”选项，重点考虑“让胜”。"
2026-04-05,周日015,巴伦西亚 vs 塞尔塔,-1,2:3,负/让负,(不让球) 平 + 负 （双选防冷，重点可关注平局） | (让球 -1) 让负 （巴伦西亚让一球）,暂无,命中,
2026-04-05,周日014,柏林联合 vs 圣保利,-1,1:1,平/让负,(不让球) 平/负（双选） | (让球 -1) 让负,机构盘赔矛盾且客队保级战意拉满，主队半球高水难以打出。首选平局，次选客胜冷门。,命中,
2026-04-05,周日013,昂热 vs 里昂,1,0:0,平/让胜,(不让球) 负 （基于绝对实力和战意差距，里昂不败是底线，但平局需高度警惕）,暂无,错误,"1. **错误原因**：预测逻辑漏洞在于过度依赖里昂实力和让一球深盘，低估了昂热主场保级战意及防守韧性，忽视平局风险，导致盲目推荐客胜。

2. **修改建议**：未来遇到类似深盘时，务必结合弱队主场近期防守表现、强队客场进攻状态及战意真实性（如积分榜形势），避免被盘口诱导，优先评估冷门可能再下结论。"
2026-04-05,周日012,克雷莫纳 vs 博洛尼亚,1,1:2,负/让平,(不让球) 负（博洛尼亚胜），为求稳健可补 平 进行高赔防守 | (让球 +1) 平（对应比分客队净胜1球）,暂无,命中,
2026-04-05,周日011,福伦丹 vs 费耶诺德,1,0:0,平/让胜,(不让球) 负 | (让球 +1) 费耶诺德实力碾压，状态火热，有望大胜穿盘）,暂无,错误,"**错误原因**：预测被费耶诺德强队形象和深盘深度诱导，盲目依赖实力碾压逻辑，完全忽视了福伦丹主场保级死守的战意以及客队可能轮换或进攻效率低下的风险。

**修改建议**：未来面对强队客场让一球及以上的深盘时，必须强制核查主队的战意（如保级压力、主场战绩）和客队的实际阵容轮换、近期进攻数据，避免被盘口深度和强队名气误导，应优先考虑“受让方不败”的选项作为风险对冲。"
2026-04-05,周日010,索尔纳 vs 哈尔姆斯,-1,2:1,胜/让平,(不让球) 胜（主胜1.39赔率过低，投资价值一般，但方向明确） | (让球 -1) 让平 / 让胜,基于实力盘和机构阻上意图，索尔纳主场取胜是大概率。但考虑到赛季初和深盘特性，完全打穿（净胜≥2球）存在不确定性。双选可覆盖“小胜一球”和“大胜”两种最可能赛果。,命中,
2026-04-05,周日009,赫塔费 vs 毕尔巴鄂,1,2:0,胜/让胜,(不让球) 平/让胜（双选防冷）,暂无,命中,
2026-04-05,周日008,菲尔特 vs 帕德博恩,1,0:2,负/让负,(不让球) 负 | (让球+1) 平/负 双选,帕德博恩实力、状态、战意全面占优，机构盘赔支持力度充分且正向。,命中,
2026-04-05,周日007,汉诺威96 vs 埃沃斯堡,-1,1:1,平/让负,(不让球) 平 / 负 (双选防冷，主推 负) | (让球-1) 让负 (主队至多一球小胜，客队不败可能性高),暂无,命中,
2026-04-05,周日006,前进之鹰 vs 兹沃勒,-1,5:0,胜/让胜,(不让球) 平 + 负 (双选防冷，重点防平) | (让球 -1) 让负 (主队打穿让球盘困难),暂无,错误,"1. **错误原因**：预测被“深盘阻上”的惯性思维误导，过度解读让球-1盘口的难度，却忽视了主队状态、战意与客队溃败风险的极端背离。

2. **修改建议**：当遇到中下游球队主场开出较深让球盘（如-1）时，若客队近期防守数据明显松动（如连续失球≥2），必须优先评估“打穿”可能性，而非机械防冷。"
2026-04-05,周日005,仁川联 vs 金泉尚武,-1,2:1,胜/让平,(不让球) 胜 (博仁川联主场借盘口阻力反弹取胜) | (让球 -1) 平/负 (双选防小胜或不胜，重点防 让负),暂无,命中,
2026-04-05,周日004,川崎前锋 vs 浦和红钻,1,3:2,胜/让胜,(不让球) 胜/平 双选 | (让球 +1) 让胜,基于盘赔的深度诱导和德比战的不可预测性，状态劣势的川崎更有可能在主场守住不败。,命中,
2026-04-05,周日003,东京FC vs 町田泽维,-1,0:0,平/让负,(不让球) 平 / 负 （双选防冷，重点防负） | (让球-1) 让负 （主队打穿数据概率极低）,暂无,命中,
2026-04-05,周日002,安养FC vs 首尔FC,1,1:1,平/让胜,主胜,暂无,错误,"1. **错误原因**：预测被""让1""的深盘诱导，高估了低级别联赛（K2）的安养FC主场优势，低估了高一级别（K1）的首尔FC的战术执行能力与客场韧性。

2. **修改建议**：未来遇到**低级别联赛球队在杯赛中对高级别球队开出深盘**时，必须警惕这是机构利用主场题材制造的陷阱。首要步骤是严格核查**客队是否具备明确的战意（如重视杯赛）和足够的阵容深度**，若客队实力底蕴明显占优，深盘之下应优先考虑客队不败。"
2026-04-05,周日001,墨胜利 vs 惠灵顿,-1,0:1,负/让负,(不让球) 胜 | (让球 -1) 让胜（博穿盘）,主胜可作胆。,错误,"1. **错误原因**：预测被深盘-1诱导，盲目信任主队墨胜利主场优势，严重低估了客队惠灵顿的防守韧性和反击战意，导致误判穿盘可能。

2. **修改建议**：未来遇到深盘时，切勿只看主队名气或盘口深度；务必核查客队近期防守数据、交锋历史中的爆冷记录，并优先评估受让方的战意和反击效率，避免单方面博穿盘。"
2026-04-05,周日001,哥伦比亚 vs 法国,1,0:1,负/让平,(让球玩法) 让平 (防让胜),本场比赛最大的不确定因素在于 友谊赛的不可预测性 以及双方可能进行的阵容轮换，这极易导致比赛结果偏离基于纯实力推导的预期。,命中,
2026-04-06,周一016,卡萨皮亚 vs 本菲卡,2,1:1,平/让胜,(让球胜平负) 让平 (50%) / 让负 (50%),本菲卡实力取胜无悬念，但深盘之下，卡萨皮亚的保级战意可能将分差限制在2球以内。双选让平（净胜2球）和让负（净胜1球或以下）是更稳妥的策略。竞彩赔率也支持这一判断。,错误,"1. **错误原因**：被深盘诱导，过度相信强队打穿盘口的惯性思维。本菲卡战意存疑（可能为欧冠留力），而低估了卡萨皮亚的防守韧性与保级主场战意。

2. **修改建议**：未来分析深盘比赛时，必须核实强队真实战意及赛程背景。若发现强队面临关键赛程分心或联赛夺冠无望时，必须将主队（特别是保级队）的抢分战意作为核心变量，谨慎选择让平/让负，甚至考虑让胜的可能。"
2026-04-06,周一015,赫罗纳 vs 比利亚雷,1,1:0,胜/让胜,(不让球) 负 | (让球 +1) 让平(60%) / 让负(40%),暂无,错误,"1. **错误原因**：预测被比利亚雷亚尔传统强队形象误导，低估了赫罗纳本赛季的极致状态与主场战力，同时对客队近期防守崩盘的现实评估不足。

2. **修改建议**：未来遇到状态断层式领先的“黑马”主场深让（如-1），必须优先相信盘口对其战斗力的背书，尤其当对手是状态低迷的“伪强队”时，切勿因历史名气逆向博冷。"
2026-04-06,周一014,赫尔城 vs 考文垂,1,0:0,平/让胜,(不让球) 负 | (让球 赫尔城 +1) 让负(60%) / 让平(40%),考虑到风险控制，若求稳健可双选“让平/让负”。,错误,"1. **错误原因**：AI预测逻辑被让球1盘口诱导，过度高估考文垂客场取胜能力，忽视了赫尔城主场战意和防守韧性，导致风险控制失效，未考虑平局可能性。

2. **修改建议**：未来遇到类似让球深盘时，务必结合两队近期防守数据和战意分析，特别是主队主场不败记录和客队客场进攻效率，建议在双选基础上增加“让胜”作为备选，以覆盖平局风险。"
2026-04-06,周一013,勒芒 vs 波城FC,-1,4:0,胜/让胜,(不让球) 胜 (75%) | (让球-1) 让平 (60%) / 让负 (40%) （双选防小胜或不胜）,暂无,命中,
2026-04-06,周一012,那不勒斯 vs AC米兰,-1,1:0,胜/让平,(不让球) 平 (50%) / 负 (50%),基于机构明显的诱主盘赔操作，以及两队绝对实力的均势，主胜风险极高。首选 平局，次选 AC米兰客场取胜。双选权重相当。,错误,"1. **错误原因**：过于迷信“机构诱主”的盘赔理论，忽略了那不勒斯主场强势反弹的战意与AC米兰客战乏力的事实，误判了实力均衡态势下的关键场次战意落差。  
2. **修改建议**：面对强队让深盘时，若客队近期状态明显下滑（如米兰客场连续低迷），需优先评估主队战意（如争四关键战），避免单纯用“诱盘”逻辑全盘否定主胜可能。"
2026-04-06,周一011,斯旺西 vs 米堡,1,2:2,平/让胜,(不让球) 战意与实力的双重差距是基本盘，半球生死盘给予了客队足够门槛,机构升水阻上意图更符合逻辑。平局作为防范，主要是基于“独苗赛事”的風控原则以及主队可能为尊严而战的韧性。,错误,"**错误原因：** 预测过度解读机构“升水阻上”的盘口诱导，高估客队战意与实力优势，忽视了主队在无关排名赛事中为尊严而战的韧性，导致平局风险被低估。

**修改建议：** 未来面对类似半球生死盘或“独苗赛事”，务必优先独立评估主队主场战意（如保级压力已解除时的荣誉感），并交叉验证近期状态数据，避免单纯依赖盘口阻上逻辑做决策。"
2026-04-06,周一010,尤文图斯 vs 热那亚,-1,2:0,胜/让胜,(不让球) 胜 | (让球 -1) 让平 (50%) / 让胜 (50%),基本面与赔率结构均强力支撑主胜，作为基础选项无悬念。,命中,
2026-04-06,周一009,布莱克本 vs 西布罗姆,1,0:0,平/让胜,(不让球) 平 (50%) / 负 (30%) / 胜 (20%),暂无,命中,
2026-04-06,周一008,伊普斯 vs 伯明翰,-1,2:1,胜/让平,(不让球) 胜 (主胜) | (让球 -1) 让胜 (主队至少净胜2球) > 让平 (主队净胜1球),暂无,命中,
2026-04-06,周一007,莱切 vs 亚特兰大,1,0:3,负/让负,(不让球) 负 (主负) | (让球 +1) 让平 50% / 让负 50%),暂无,命中,
2026-04-06,周一006,瓦勒伦加 vs 维京,1,0:1,负/让平,(不让球) 平 (50%) / 胜 (50%) | (让球+1) 让胜 (60%) / 让平 (40%),基于盘赔的显著示弱与主队的强劲状态，维京客胜困难重重。主场作战的瓦勒伦加至少有能力保住不败，平局是首选，主胜同样不可忽视。,错误,"1. **错误原因**：预测被“主队状态强劲”的表象与盘口示弱所误导，却忽视了客队维京在战术风格上对主队的潜在克制能力，以及其稳定的客场拿分战意，导致对客胜风险严重低估。

2. **修改建议**：未来面对类似“状态优但让球盘犹豫”的格局时，必须在判断“诱盘”还是“真实看衰”前，优先交叉验证两队近年的交锋记录与战术风格克制关系，若客队是风格克制方，则盘口示弱更可能是真实风险的反映。"
2026-04-06,周一005,埃夫斯堡 vs 哥德堡,-1,2:0,胜/让胜,(不让球) 平 (50%) / 负 (30%) / 胜 (20%),暂无,命中,
2026-04-06,周一004,米尔沃尔 vs 诺维奇,-1,1:2,负/让负,(不让球) 胜 (60%) / 平 (40%) | (让球 -1) 让负（诺维奇 +1 胜）,米尔沃尔主场战意加持，不败是大概率事件。但Bet365的异常退盘为平局留下了充足想象空间，诺维奇或有能力守得一分。,命中,
2026-04-06,周一003,朴次茅斯 vs 牛津联,-1,2:2,平/让负,(不让球) 胜 (60%) / 平 (40%) | (让球 -1) 让平,基于机构深开阻上的操盘意图，主队不败是基本盘。优先博取高赔平局有一定价值，但主胜的战意加持和盘口保护更值得侧重。,命中,
2026-04-06,周一002,乌迪内斯 vs 科莫,1,0:0,平/让胜,(不让球) 负（客胜） | (让球 客队-1) 让胜（客队大胜）,暂无,错误,"**错误原因**：高估了科莫客场进攻能力，被其升班马黑马形象误导。同时严重低估了乌迪内斯保级压力下的防守韧性与主场拿分决心。

**修改建议**：未来遇到升班马客场让深盘（如-1）时，必须严格核查其客场胜率及攻坚能力数据。对意甲中下游球队主场作战，尤其在赛季末保级关键阶段，应优先考虑其不败的基本盘。"
2026-04-06,周一001,海尔蒙特 vs 瓦尔韦克,1,2:2,平/让胜,(不让球) 负 | (让球 +1) 平 (40%) / 负 (60%),战意、状态、盘赔三方共振，支持客队取胜。,错误,"1. **错误原因**：预测被深盘（让1球）诱导，过度放大客队战意和表面优势，而忽视了主队在深盘下极强的拉力及保级战意，导致对主队拿分可能性评估严重不足。

2. **修改建议**：未来遇到客让1球的深盘时，若基本面并无绝对碾压优势，必须警惕“战意诱导陷阱”，应优先审视主队保级、主场尊严等隐性战意，并考虑“让胜”作为重要补充选项或保护策略。"
2026-04-06,周一002,德国 vs 加纳,-2,0:0,平/让负,(让球-2) 让平 | 次选防让胜 【交叉盘风险下，博高赔“让平”或双选覆盖】,暂无,错误,"**错误原因**  
被深盘诱导，高估德国进攻效率，完全忽视加纳防守韧性与客战针对性布防。

**修改建议**  
未来遇深盘（-1.5及以上），首要评估受让方的近期防守数据与战意。若客队防守体系完整、战意明确（如为出线死守），应果断避开“打穿”选项，直接考虑“让负”。"
2026-04-06,周一001,新西兰 vs 智利,1,2:2,平/让胜,(不让球) 负（本场核心赛果方向） | (让球 新西兰 +1) 让负 （博智利至少净胜2球,鉴于高战意友谊赛属性及盘赔正向支持，直接博取穿透。若求极端稳妥，可补“让平”防一球小胜，但会大幅拉低回报。）,错误,"1. **错误原因**：预测被深盘诱导，高估了智利在友谊赛中的战意和进攻穿透力，忽视了新西兰的主场韧性和比赛变数，导致过度博取极端结果。

2. **修改建议**：未来处理类似友谊赛深盘时，务必先核实球队的实际战意、阵容轮换情况，并优先结合基本面分析而非单纯依赖盘赔支持，可考虑保守选项如“让平”或降低回报以平衡风险。"
2026-04-07,周二006,拉瓜伊拉 vs 弗鲁米嫩,1,0:0,平/让胜,(不让球) 负 | (让球 客队-1) 平 (主推),暂无,错误,"### 错误原因：
预测被客队让1球的深盘诱导，高估了弗鲁米嫩的客场进攻能力，忽视了拉瓜伊拉主场防守韧性和保级战意，导致对平局风险判断失误。

### 修改建议：
未来遇到客队让1球的类似盘口时，务必优先分析主队近期主场不败率和防守数据，特别是对阵强队时的表现，避免仅凭盘口深度轻信客队能轻松取胜。"
2026-04-07,周二005,雷克斯 vs 南安普敦,1,1:5,负/让负,主胜,暂无,错误,"1. **错误原因**：被主场让一球的深盘表象诱导，高估了主队拉力，完全忽视了南安普敦作为降班马在战意和实力上的碾压级优势。复盘时发现，机构开深盘实则为平衡受注的陷阱。

2. **修改建议**：未来遇到中下游球队主场对强队让出深盘（如让一球），必须警惕“强让盘”。**首要核查客队战意**（如升级/保级关键期），并对比双方近期对阵同级别对手的攻防数据，若客队进攻端持续高效而主队防守不稳，应果断规避主队方向。"
2026-04-07,周二004,皇马 vs 拜仁,1,1:2,负/让平,(不让球) 负 (55%) / 平 (45%) | (+1) 让平 / 让负,暂无,命中,
2026-04-07,周二003,里斯本 vs 阿森纳,1,0:1,负/让平,客胜,暂无,错误,"1. **错误原因**：预测时被阿森纳的深盘让球误导，过度依赖其纸面实力优势，却忽略了欧冠淘汰赛阶段，强队客场往往以稳为主、不追求大胜的战术现实。

2. **修改建议**：今后面对欧冠等关键战事的客场深盘（如让1球或以上），需优先评估强队战意与战术侧重。若其首回合占优或出线形势明朗，客场小胜即安的可能性极大，应慎捧让球方。"
2026-04-07,周二002,奥勒松 vs 腓特烈,-1,2:3,负/让负,(不让球) 负 (60%) / 平 (40%),暂无,命中,
2026-04-07,周二001,墨尔本城 vs 中央海岸,-1,2:1,胜/让平,(不让球) 平(50%) / 负(50%) | (让球 -1) 让平(40%) / 让负(60%),暂无,错误,"1. **错误原因**：当时预测完全忽略了主队的深盘支撑与主场统治力，机械套用概率模型却未验证两队实际战意和状态差距，导致方向性误判。  

2. **修改建议**：未来遇到澳超等主场优势明显的联赛深盘时，必须交叉核查战意（如排名压力、历史交锋主场碾压记录），若主队近况无重大利空，应优先尊重盘口深度所暗示的市场倾向。"
2026-04-07,周二007,天主大学 vs 博卡,1,1:2,负/让平,主胜,暂无,错误,"1. **错误原因**：被主让一球的深盘诱导，过度高估了天主大学的主场战力，同时严重低估了博卡作为南美传统豪门的底蕴和客场韧性。预测时未能识破盘口深度与实际战力不匹配的风险。

2. **修改建议**：未来遇到南美主流联赛中，名气或历史底蕴悬殊的对阵（尤其洲际赛事），若客队是博卡、河床等传统强队，即便客场受让较深，也需优先考虑“客队不败”选项。机构深让盘往往利用主队主场表象制造阻力，此时应逆向关注强队的底蕴和反弹战意。"
2026-04-07,周二006,拉瓜伊拉 vs 弗鲁米嫩,1,0:0,平/让胜,(不让球) 负 | (让球 客队-1) 平 (主推),暂无,错误,"1. **错误原因**：预测被客队深盘诱导，高估了巴甲强队弗鲁米嫩塞在客场的战意与进攻效率，严重低估了主队拉瓜伊拉在主场全力收缩防守的战术执行力与韧性。

2. **修改建议**：未来遇到主流联赛强队在非关键比赛（如杯赛初期）客场深让一球时，必须优先查证客队是否进行大幅轮换、其近期客场攻击效率是否低下。若两者存疑，应警惕“强队小胜或冷平”的选项。"
2026-04-07,周二005,雷克斯 vs 南安普敦,1,1:5,负/让负,主胜,暂无,错误,"**错误原因**：预测主胜时，完全无视客队南安普敦让一球的深盘数据，表明市场强烈看好客队，而AI可能被雷克斯主场或片面因素误导，严重低估客队实力与战意。

**修改建议**：未来面对类似让一球以上的深盘，若客队是英冠或以上级别球队且战意明确（如升级冲刺），切忌逆盘口盲目博冷，必须优先核查客队近期状态、伤病及历史交锋，并关注盘口变化是否一致支持客队。"
2026-04-07,周二004,皇马 vs 拜仁,1,1:2,负/让平,(不让球) 负 (55%) / 平 (45%) | (+1) 让平 / 让负,暂无,命中,
2026-04-07,周二003,里斯本 vs 阿森纳,1,0:1,负/让平,客胜,暂无,错误,"1. **错误原因**：预测被客队实力形象和深盘诱导，忽略了欧冠淘汰赛客场作战的固有难度，以及主队立足防守、力争小负的战术意图。

2. **修改建议**：未来面对强队客场让一球及以上的深盘时，必须优先评估主队的战意与防守韧性，尤其在欧冠淘汰赛阶段，“客队小胜”或“让平”是需要重点防范的选项。"
2026-04-07,周二002,奥勒松 vs 腓特烈,-1,2:3,负/让负,(不让球) 负 (60%) / 平 (40%),暂无,命中,
2026-04-07,周二001,墨尔本城 vs 中央海岸,-1,2:1,胜/让平,(不让球) 平(50%) / 负(50%) | (让球 -1) 让平(40%) / 让负(60%),暂无,错误,"1. **错误原因**：  
   完全忽视盘口深度所体现的市场倾向。让一球的深盘已明确机构对主队优势的认可，而推荐却反向看衰主队，暴露了对盘赔基本面脱节的盲信。

2. **修改建议**：  
   今后遇到类似深盘（-1或更深），若数据面未出现显著矛盾，应优先相信盘口方向。可补充两队近期交锋记录、主客场攻防效率等关键指标进行交叉验证，避免单纯依赖单一模型推演。"
