Date,Match Num,Match,Rangfen,Total Score Base,Score,Actual Result,AI Recommendation,AI Reason,Hit Status,AI Reflection
2026-04-07,周二301,贝红星 vs 巴黎,0,0,81:94,(0) 让分主胜 | (0) 大分,让分主负 (巴黎 +7.5) | (总分) 小分 (178.5),   最大风险点：巴黎的体能临界点未知。若巴黎开场反客为主手感火热，可能短暂维持比分，但比赛深入后（尤其是第三节末至第四节），体能透支导致的崩盘风险极高。,错误,预测错误。需复盘比赛过程、体能消耗或临场伤病情况。
2026-04-07,周二302,奥林匹亚 vs 皇马,0,0,88:102,(0) 让分主胜 | (0) 大分,让分主胜 (奥林匹亚科斯 -4.5) | (总分) 小分 (172.5),1.  最大风险：皇马赛前伤停。若皇马确认有1-2名绝对主力休战，则当前-4.5的让分将过浅，主队可能迎来大胜。需在赛前1小时确认最终名单。,命中,暂无
2026-04-07,周二303,博洛尼亚 vs 拜仁,0,0,85:80,(0) 让分客胜 | (0) 大分,让分主负 (即拜仁 +1.5 胜) | (总分) 小分 (低于166.5分),,命中,暂无
2026-04-07,周二304,巴伦西亚 vs 米兰,0,0,96:102,(0) 让分主胜 | (0) 大分,让分主负（米兰 +6.5） | (总分) 小分（175.5）,（权重更高）：,错误,预测错误。需复盘比赛过程、体能消耗或临场伤病情况。
2026-04-07,周二305,巴萨 vs 帕纳辛纳,0,0,93:79,(0) 让分客胜 | (0) 大分,让分主胜 (巴萨 -2.5)。机构浅开是明显的诱盘手法，巴萨主场优势、赛程优势和防守底蕴足以支撑其至少赢下3分或以上。 | (总分) 小分 (169.5)。巴萨的防守体系将牢牢控制节奏，疲惫的帕纳辛纳难以打出高效进攻，总分难以逾越高压防线。,,错误,预测错误。需复盘比赛过程、体能消耗或临场伤病情况。
2026-04-07,周二306,步行者 vs 森林狼,0,0,124:104,(0) 让分客胜 | (0) 大分,让分主胜 (步行者 +11.5)。基于赛季末强队战意存疑的普遍规律、浅盘诱导的逻辑，以及步行者主场收官可能展现的斗志，看好步行者守住受让指数。 | (总分) 大分 (229.5)。双方战意均不指向高强度防守，步行者固有的快节奏和糟糕防守，配合森林狼可能出现的防守松懈，比赛更容易演变为一场高得分的对攻战。,   最大风险点：森林狼核心球员的轮休情况未知。如果赛前确认爱德华兹、唐斯等其中一人或多人休战，本场比赛的让分盘价值将彻底改变，森林狼甚至可能陷入苦战。,命中,暂无
2026-04-07,周二307,奇才 vs 公牛,0,0,129:98,(0) 让分客胜 | (0) 大分,让分主胜（奇才 +4.5 胜） | (总分) 大分（247.5分）,- 最大的风险在于比赛的不可预测性和“表演性质”。分差可能在任何时刻因为双方的防守松懈而迅速变化，增加了让分盘的不确定性。,命中,暂无
2026-04-07,周二308,篮网 vs 雄鹿,0,0,90:96,(0) 让分主胜 | (0) 大分,让分主胜 (篮网 +1.5) | (总分) 大分 (219.5),,命中,暂无
2026-04-07,周二309,猛龙 vs 热火,0,0,95:121,(0) 让分主胜 | (0) 大分,让分主负 （即 热火 -1.5 胜） | (总分) 让分与大小分推荐置信度 70；胜负推荐置信度 60 （因盘口过浅，胜负本身悬念极大，但方向指向客队）。,   最大风险：盘口过浅的“真相”。1.5分的让分意味着比赛胜负可能就在一两个回合之间，任何偶然因素（如关键球、裁判尺度）都可能导致输赢盘反转。这是机构平衡注码的极致体现，预测信心需建立在比赛风格分析上，而非单纯的实力对比。,错误,预测错误。需复盘比赛过程、体能消耗或临场伤病情况。
